<?xml version="1.0" encoding="utf-8"?>
<feed xmlns="http://www.w3.org/2005/Atom">
  <title>MBlog</title>
  
  
  <link href="https://blog.github.wo0ow.com/atom.xml" rel="self"/>
  
  <link href="https://blog.github.wo0ow.com/"/>
  <updated>2023-05-05T02:01:07.966Z</updated>
  <id>https://blog.github.wo0ow.com/</id>
  
  <author>
    <name>🍀</name>
    
  </author>
  
  <generator uri="https://hexo.io/">Hexo</generator>
  
  <entry>
    <title>Reids的持久化详解</title>
    <link href="https://blog.github.wo0ow.com/posts/6387.html"/>
    <id>https://blog.github.wo0ow.com/posts/6387.html</id>
    <published>2023-05-05T01:04:58.000Z</published>
    <updated>2023-05-05T02:01:07.966Z</updated>
    
    
    <summary type="html">参考来源: https://blog.csdn.net/qq_45722267/article/details/124525345</summary>
    
    
    
    <category term="技术博客" scheme="https://blog.github.wo0ow.com/categories/%E6%8A%80%E6%9C%AF%E5%8D%9A%E5%AE%A2/"/>
    
    <category term="Redis" scheme="https://blog.github.wo0ow.com/categories/%E6%8A%80%E6%9C%AF%E5%8D%9A%E5%AE%A2/Redis/"/>
    
    
    <category term="AOF" scheme="https://blog.github.wo0ow.com/tags/AOF/"/>
    
    <category term="RDB" scheme="https://blog.github.wo0ow.com/tags/RDB/"/>
    
  </entry>
  
  <entry>
    <title>Docker下安装Redis并持久化设置</title>
    <link href="https://blog.github.wo0ow.com/posts/25512.html"/>
    <id>https://blog.github.wo0ow.com/posts/25512.html</id>
    <published>2023-05-04T23:16:29.000Z</published>
    <updated>2023-05-05T00:44:17.502Z</updated>
    
    
      
      
        
        
    <summary type="html">&lt;h1 id=&quot;安装Redis镜像&quot;&gt;安装Redis镜像&lt;a class=&quot;anchor&quot; href=&quot;#安装Redis镜像&quot;&gt;·&lt;/a&gt;&lt;/h1&gt;
&lt;figure class=&quot;highlight plaintext&quot;&gt;&lt;table&gt;&lt;tr&gt;&lt;td</summary>
        
      
    
    
    
    <category term="技术博客" scheme="https://blog.github.wo0ow.com/categories/%E6%8A%80%E6%9C%AF%E5%8D%9A%E5%AE%A2/"/>
    
    <category term="Redis" scheme="https://blog.github.wo0ow.com/categories/%E6%8A%80%E6%9C%AF%E5%8D%9A%E5%AE%A2/Redis/"/>
    
    
  </entry>
  
  <entry>
    <title>常见开发英文单词</title>
    <link href="https://blog.github.wo0ow.com/posts/51038.html"/>
    <id>https://blog.github.wo0ow.com/posts/51038.html</id>
    <published>2023-05-04T06:24:59.000Z</published>
    <updated>2023-05-05T00:44:17.496Z</updated>
    
    
    <summary type="html">常见开发中遇到的英文单词</summary>
    
    
    
    <category term="个人博客" scheme="https://blog.github.wo0ow.com/categories/%E4%B8%AA%E4%BA%BA%E5%8D%9A%E5%AE%A2/"/>
    
    <category term="面试准备" scheme="https://blog.github.wo0ow.com/categories/%E4%B8%AA%E4%BA%BA%E5%8D%9A%E5%AE%A2/%E9%9D%A2%E8%AF%95%E5%87%86%E5%A4%87/"/>
    
    
  </entry>
  
  <entry>
    <title>SpringBoot支持哪些嵌入式web容器？</title>
    <link href="https://blog.github.wo0ow.com/posts/24826.html"/>
    <id>https://blog.github.wo0ow.com/posts/24826.html</id>
    <published>2023-05-03T22:52:54.000Z</published>
    <updated>2023-05-04T03:52:22.599Z</updated>
    
    
      
      
        
        
    <summary type="html">&lt;blockquote&gt;
&lt;p&gt;&lt;a href=&quot;https://blog.csdn.net/m0_51945027/article/details/117539357&quot;&gt;Spring</summary>
        
      
    
    
    
    <category term="个人博客" scheme="https://blog.github.wo0ow.com/categories/%E4%B8%AA%E4%BA%BA%E5%8D%9A%E5%AE%A2/"/>
    
    <category term="面试准备" scheme="https://blog.github.wo0ow.com/categories/%E4%B8%AA%E4%BA%BA%E5%8D%9A%E5%AE%A2/%E9%9D%A2%E8%AF%95%E5%87%86%E5%A4%87/"/>
    
    <category term="Java面试题2023_问题解析" scheme="https://blog.github.wo0ow.com/categories/%E4%B8%AA%E4%BA%BA%E5%8D%9A%E5%AE%A2/%E9%9D%A2%E8%AF%95%E5%87%86%E5%A4%87/Java%E9%9D%A2%E8%AF%95%E9%A2%982023-%E9%97%AE%E9%A2%98%E8%A7%A3%E6%9E%90/"/>
    
    
  </entry>
  
  <entry>
    <title>SpringBoot的自动配置是如何实现的?</title>
    <link href="https://blog.github.wo0ow.com/posts/6677.html"/>
    <id>https://blog.github.wo0ow.com/posts/6677.html</id>
    <published>2023-05-03T22:52:46.000Z</published>
    <updated>2023-05-04T03:48:36.727Z</updated>
    
    
      
      
        
        
    <summary type="html">&lt;blockquote&gt;
&lt;p&gt;&lt;a</summary>
        
      
    
    
    
    <category term="个人博客" scheme="https://blog.github.wo0ow.com/categories/%E4%B8%AA%E4%BA%BA%E5%8D%9A%E5%AE%A2/"/>
    
    <category term="面试准备" scheme="https://blog.github.wo0ow.com/categories/%E4%B8%AA%E4%BA%BA%E5%8D%9A%E5%AE%A2/%E9%9D%A2%E8%AF%95%E5%87%86%E5%A4%87/"/>
    
    <category term="Java面试题2023_问题解析" scheme="https://blog.github.wo0ow.com/categories/%E4%B8%AA%E4%BA%BA%E5%8D%9A%E5%AE%A2/%E9%9D%A2%E8%AF%95%E5%87%86%E5%A4%87/Java%E9%9D%A2%E8%AF%95%E9%A2%982023-%E9%97%AE%E9%A2%98%E8%A7%A3%E6%9E%90/"/>
    
    
  </entry>
  
  <entry>
    <title>SpringBootApplication注解</title>
    <link href="https://blog.github.wo0ow.com/posts/59082.html"/>
    <id>https://blog.github.wo0ow.com/posts/59082.html</id>
    <published>2023-05-03T22:52:40.000Z</published>
    <updated>2023-05-04T00:01:50.830Z</updated>
    
    
      
      
        
        
    <summary type="html">&lt;h2 id=&quot;SpringBootApplication注解&quot;&gt;@SpringBootApplication注解&lt;a class=&quot;anchor&quot; href=&quot;#SpringBootApplication注解&quot;&gt;·&lt;/a&gt;&lt;/h2&gt;
&lt;blockquote&gt;
&lt;p&gt;&lt;a</summary>
        
      
    
    
    
    <category term="个人博客" scheme="https://blog.github.wo0ow.com/categories/%E4%B8%AA%E4%BA%BA%E5%8D%9A%E5%AE%A2/"/>
    
    <category term="面试准备" scheme="https://blog.github.wo0ow.com/categories/%E4%B8%AA%E4%BA%BA%E5%8D%9A%E5%AE%A2/%E9%9D%A2%E8%AF%95%E5%87%86%E5%A4%87/"/>
    
    <category term="Java面试题2023_问题解析" scheme="https://blog.github.wo0ow.com/categories/%E4%B8%AA%E4%BA%BA%E5%8D%9A%E5%AE%A2/%E9%9D%A2%E8%AF%95%E5%87%86%E5%A4%87/Java%E9%9D%A2%E8%AF%95%E9%A2%982023-%E9%97%AE%E9%A2%98%E8%A7%A3%E6%9E%90/"/>
    
    
  </entry>
  
  <entry>
    <title>什么是SpringBootStarter?</title>
    <link href="https://blog.github.wo0ow.com/posts/15195.html"/>
    <id>https://blog.github.wo0ow.com/posts/15195.html</id>
    <published>2023-05-03T22:52:33.000Z</published>
    <updated>2023-05-04T00:08:17.330Z</updated>
    
    
      
      
        
        
    <summary type="html">&lt;blockquote&gt;
&lt;p&gt;&lt;a href=&quot;https://blog.csdn.net/Jieur/article/details/122438549&quot;&gt;SpringBoot starter的理解与使用&lt;/a&gt;&lt;/p&gt;
&lt;/blockquote&gt;
&lt;h2</summary>
        
      
    
    
    
    <category term="个人博客" scheme="https://blog.github.wo0ow.com/categories/%E4%B8%AA%E4%BA%BA%E5%8D%9A%E5%AE%A2/"/>
    
    <category term="面试准备" scheme="https://blog.github.wo0ow.com/categories/%E4%B8%AA%E4%BA%BA%E5%8D%9A%E5%AE%A2/%E9%9D%A2%E8%AF%95%E5%87%86%E5%A4%87/"/>
    
    <category term="Java面试题2023_问题解析" scheme="https://blog.github.wo0ow.com/categories/%E4%B8%AA%E4%BA%BA%E5%8D%9A%E5%AE%A2/%E9%9D%A2%E8%AF%95%E5%87%86%E5%A4%87/Java%E9%9D%A2%E8%AF%95%E9%A2%982023-%E9%97%AE%E9%A2%98%E8%A7%A3%E6%9E%90/"/>
    
    
  </entry>
  
  <entry>
    <title>说出使用SpringBoot的主要优点</title>
    <link href="https://blog.github.wo0ow.com/posts/1453.html"/>
    <id>https://blog.github.wo0ow.com/posts/1453.html</id>
    <published>2023-05-03T22:52:21.000Z</published>
    <updated>2023-05-04T03:53:50.645Z</updated>
    
    
      
      
        
        
    <summary type="html">&lt;blockquote&gt;
&lt;p&gt;&lt;a href=&quot;https://zhuanlan.zhihu.com/p/337079078&quot;&gt;SpringBoot优势&lt;/a&gt;&lt;/p&gt;
&lt;/blockquote&gt;
&lt;ul class=&quot;lvl-0&quot;&gt;
&lt;li</summary>
        
      
    
    
    
    <category term="个人博客" scheme="https://blog.github.wo0ow.com/categories/%E4%B8%AA%E4%BA%BA%E5%8D%9A%E5%AE%A2/"/>
    
    <category term="面试准备" scheme="https://blog.github.wo0ow.com/categories/%E4%B8%AA%E4%BA%BA%E5%8D%9A%E5%AE%A2/%E9%9D%A2%E8%AF%95%E5%87%86%E5%A4%87/"/>
    
    <category term="Java面试题2023_问题解析" scheme="https://blog.github.wo0ow.com/categories/%E4%B8%AA%E4%BA%BA%E5%8D%9A%E5%AE%A2/%E9%9D%A2%E8%AF%95%E5%87%86%E5%A4%87/Java%E9%9D%A2%E8%AF%95%E9%A2%982023-%E9%97%AE%E9%A2%98%E8%A7%A3%E6%9E%90/"/>
    
    
  </entry>
  
  <entry>
    <title>SpringBoot和Spring的区别</title>
    <link href="https://blog.github.wo0ow.com/posts/9789.html"/>
    <id>https://blog.github.wo0ow.com/posts/9789.html</id>
    <published>2023-05-03T22:52:14.000Z</published>
    <updated>2023-05-04T00:06:24.107Z</updated>
    
    
      
      
        
        
    <summary type="html">&lt;blockquote&gt;
&lt;p&gt;&lt;a href=&quot;https://blog.csdn.net/mengxin_chen/article/details/116240326&quot;&gt;Spring和Spring</summary>
        
      
    
    
    
    <category term="个人博客" scheme="https://blog.github.wo0ow.com/categories/%E4%B8%AA%E4%BA%BA%E5%8D%9A%E5%AE%A2/"/>
    
    <category term="面试准备" scheme="https://blog.github.wo0ow.com/categories/%E4%B8%AA%E4%BA%BA%E5%8D%9A%E5%AE%A2/%E9%9D%A2%E8%AF%95%E5%87%86%E5%A4%87/"/>
    
    <category term="Java面试题2023_问题解析" scheme="https://blog.github.wo0ow.com/categories/%E4%B8%AA%E4%BA%BA%E5%8D%9A%E5%AE%A2/%E9%9D%A2%E8%AF%95%E5%87%86%E5%A4%87/Java%E9%9D%A2%E8%AF%95%E9%A2%982023-%E9%97%AE%E9%A2%98%E8%A7%A3%E6%9E%90/"/>
    
    
  </entry>
  
  <entry>
    <title>hibernate和mybatis区别</title>
    <link href="https://blog.github.wo0ow.com/posts/64579.html"/>
    <id>https://blog.github.wo0ow.com/posts/64579.html</id>
    <published>2023-05-03T22:52:05.000Z</published>
    <updated>2023-05-04T03:51:35.960Z</updated>
    
    
      
      
        
        
    <summary type="html">&lt;p&gt;工作中使用MyBatis居多,Hibernate了解不是特别多.&lt;/p&gt;
</summary>
        
      
    
    
    
    <category term="个人博客" scheme="https://blog.github.wo0ow.com/categories/%E4%B8%AA%E4%BA%BA%E5%8D%9A%E5%AE%A2/"/>
    
    <category term="面试准备" scheme="https://blog.github.wo0ow.com/categories/%E4%B8%AA%E4%BA%BA%E5%8D%9A%E5%AE%A2/%E9%9D%A2%E8%AF%95%E5%87%86%E5%A4%87/"/>
    
    <category term="Java面试题2023_问题解析" scheme="https://blog.github.wo0ow.com/categories/%E4%B8%AA%E4%BA%BA%E5%8D%9A%E5%AE%A2/%E9%9D%A2%E8%AF%95%E5%87%86%E5%A4%87/Java%E9%9D%A2%E8%AF%95%E9%A2%982023-%E9%97%AE%E9%A2%98%E8%A7%A3%E6%9E%90/"/>
    
    
  </entry>
  
  <entry>
    <title>Spring动态代理默认用哪一种</title>
    <link href="https://blog.github.wo0ow.com/posts/21371.html"/>
    <id>https://blog.github.wo0ow.com/posts/21371.html</id>
    <published>2023-05-03T22:51:59.000Z</published>
    <updated>2023-05-04T03:51:01.301Z</updated>
    
    
      
      
        
        
    <summary type="html">&lt;blockquote&gt;
&lt;p&gt;&lt;a</summary>
        
      
    
    
    
    <category term="个人博客" scheme="https://blog.github.wo0ow.com/categories/%E4%B8%AA%E4%BA%BA%E5%8D%9A%E5%AE%A2/"/>
    
    <category term="面试准备" scheme="https://blog.github.wo0ow.com/categories/%E4%B8%AA%E4%BA%BA%E5%8D%9A%E5%AE%A2/%E9%9D%A2%E8%AF%95%E5%87%86%E5%A4%87/"/>
    
    <category term="Java面试题2023_问题解析" scheme="https://blog.github.wo0ow.com/categories/%E4%B8%AA%E4%BA%BA%E5%8D%9A%E5%AE%A2/%E9%9D%A2%E8%AF%95%E5%87%86%E5%A4%87/Java%E9%9D%A2%E8%AF%95%E9%A2%982023-%E9%97%AE%E9%A2%98%E8%A7%A3%E6%9E%90/"/>
    
    
  </entry>
  
  <entry>
    <title>拦截器和过滤器了解么？</title>
    <link href="https://blog.github.wo0ow.com/posts/48331.html"/>
    <id>https://blog.github.wo0ow.com/posts/48331.html</id>
    <published>2023-05-03T22:51:51.000Z</published>
    <updated>2023-05-04T01:36:58.924Z</updated>
    
    
      
      
        
        
    <summary type="html">&lt;blockquote&gt;
&lt;p&gt;&lt;a href=&quot;https://blog.csdn.net/xinzhifu1/article/details/106356958&quot;&gt;过滤器 和 拦截器的</summary>
        
      
    
    
    
    <category term="个人博客" scheme="https://blog.github.wo0ow.com/categories/%E4%B8%AA%E4%BA%BA%E5%8D%9A%E5%AE%A2/"/>
    
    <category term="面试准备" scheme="https://blog.github.wo0ow.com/categories/%E4%B8%AA%E4%BA%BA%E5%8D%9A%E5%AE%A2/%E9%9D%A2%E8%AF%95%E5%87%86%E5%A4%87/"/>
    
    <category term="Java面试题2023_问题解析" scheme="https://blog.github.wo0ow.com/categories/%E4%B8%AA%E4%BA%BA%E5%8D%9A%E5%AE%A2/%E9%9D%A2%E8%AF%95%E5%87%86%E5%A4%87/Java%E9%9D%A2%E8%AF%95%E9%A2%982023-%E9%97%AE%E9%A2%98%E8%A7%A3%E6%9E%90/"/>
    
    
  </entry>
  
  <entry>
    <title>Spring中的bean的作用域有哪些?</title>
    <link href="https://blog.github.wo0ow.com/posts/63647.html"/>
    <id>https://blog.github.wo0ow.com/posts/63647.html</id>
    <published>2023-05-03T22:51:41.000Z</published>
    <updated>2023-05-04T03:49:56.130Z</updated>
    
    
      
      
        
        
    <summary type="html">&lt;blockquote&gt;
&lt;p&gt;&lt;a href=&quot;https://blog.csdn.net/chinachuang/article/details/120136275&quot;&gt;Spring 中 Bean</summary>
        
      
    
    
    
    <category term="个人博客" scheme="https://blog.github.wo0ow.com/categories/%E4%B8%AA%E4%BA%BA%E5%8D%9A%E5%AE%A2/"/>
    
    <category term="面试准备" scheme="https://blog.github.wo0ow.com/categories/%E4%B8%AA%E4%BA%BA%E5%8D%9A%E5%AE%A2/%E9%9D%A2%E8%AF%95%E5%87%86%E5%A4%87/"/>
    
    <category term="Java面试题2023_问题解析" scheme="https://blog.github.wo0ow.com/categories/%E4%B8%AA%E4%BA%BA%E5%8D%9A%E5%AE%A2/%E9%9D%A2%E8%AF%95%E5%87%86%E5%A4%87/Java%E9%9D%A2%E8%AF%95%E9%A2%982023-%E9%97%AE%E9%A2%98%E8%A7%A3%E6%9E%90/"/>
    
    
  </entry>
  
  <entry>
    <title>SpringBean的生命周期说一下</title>
    <link href="https://blog.github.wo0ow.com/posts/44604.html"/>
    <id>https://blog.github.wo0ow.com/posts/44604.html</id>
    <published>2023-05-03T22:51:33.000Z</published>
    <updated>2023-05-04T03:46:13.183Z</updated>
    
    
      
      
        
        
    <summary type="html">&lt;blockquote&gt;
&lt;p&gt;&lt;a href=&quot;https://blog.csdn.net/riemann_/article/details/118500805&quot;&gt;一文读懂 Spring Bean</summary>
        
      
    
    
    
    <category term="个人博客" scheme="https://blog.github.wo0ow.com/categories/%E4%B8%AA%E4%BA%BA%E5%8D%9A%E5%AE%A2/"/>
    
    <category term="面试准备" scheme="https://blog.github.wo0ow.com/categories/%E4%B8%AA%E4%BA%BA%E5%8D%9A%E5%AE%A2/%E9%9D%A2%E8%AF%95%E5%87%86%E5%A4%87/"/>
    
    <category term="Java面试题2023_问题解析" scheme="https://blog.github.wo0ow.com/categories/%E4%B8%AA%E4%BA%BA%E5%8D%9A%E5%AE%A2/%E9%9D%A2%E8%AF%95%E5%87%86%E5%A4%87/Java%E9%9D%A2%E8%AF%95%E9%A2%982023-%E9%97%AE%E9%A2%98%E8%A7%A3%E6%9E%90/"/>
    
    
  </entry>
  
  <entry>
    <title>谈谈自己对于SpringIoC和AOP的理解</title>
    <link href="https://blog.github.wo0ow.com/posts/5393.html"/>
    <id>https://blog.github.wo0ow.com/posts/5393.html</id>
    <published>2023-05-03T22:51:22.000Z</published>
    <updated>2023-05-04T00:18:01.414Z</updated>
    
    
      
      
        
        
    <summary type="html">&lt;blockquote&gt;
&lt;p&gt;&lt;a</summary>
        
      
    
    
    
    <category term="个人博客" scheme="https://blog.github.wo0ow.com/categories/%E4%B8%AA%E4%BA%BA%E5%8D%9A%E5%AE%A2/"/>
    
    <category term="面试准备" scheme="https://blog.github.wo0ow.com/categories/%E4%B8%AA%E4%BA%BA%E5%8D%9A%E5%AE%A2/%E9%9D%A2%E8%AF%95%E5%87%86%E5%A4%87/"/>
    
    <category term="Java面试题2023_问题解析" scheme="https://blog.github.wo0ow.com/categories/%E4%B8%AA%E4%BA%BA%E5%8D%9A%E5%AE%A2/%E9%9D%A2%E8%AF%95%E5%87%86%E5%A4%87/Java%E9%9D%A2%E8%AF%95%E9%A2%982023-%E9%97%AE%E9%A2%98%E8%A7%A3%E6%9E%90/"/>
    
    
  </entry>
  
  <entry>
    <title>列举一些重要的Spring模块？</title>
    <link href="https://blog.github.wo0ow.com/posts/34910.html"/>
    <id>https://blog.github.wo0ow.com/posts/34910.html</id>
    <published>2023-05-03T22:51:14.000Z</published>
    <updated>2023-05-04T00:16:51.330Z</updated>
    
    
      
      
        
        
    <summary type="html">&lt;blockquote&gt;
&lt;p&gt;&lt;a href=&quot;https://blog.csdn.net/whoamnew/article/details/83622400&quot;&gt;spring框架有哪些主要模块?&lt;/a&gt;&lt;/p&gt;
&lt;/blockquote&gt;
&lt;ul</summary>
        
      
    
    
    
    <category term="个人博客" scheme="https://blog.github.wo0ow.com/categories/%E4%B8%AA%E4%BA%BA%E5%8D%9A%E5%AE%A2/"/>
    
    <category term="面试准备" scheme="https://blog.github.wo0ow.com/categories/%E4%B8%AA%E4%BA%BA%E5%8D%9A%E5%AE%A2/%E9%9D%A2%E8%AF%95%E5%87%86%E5%A4%87/"/>
    
    <category term="Java面试题2023_问题解析" scheme="https://blog.github.wo0ow.com/categories/%E4%B8%AA%E4%BA%BA%E5%8D%9A%E5%AE%A2/%E9%9D%A2%E8%AF%95%E5%87%86%E5%A4%87/Java%E9%9D%A2%E8%AF%95%E9%A2%982023-%E9%97%AE%E9%A2%98%E8%A7%A3%E6%9E%90/"/>
    
    
  </entry>
  
  <entry>
    <title>什么是Spring框架?</title>
    <link href="https://blog.github.wo0ow.com/posts/28206.html"/>
    <id>https://blog.github.wo0ow.com/posts/28206.html</id>
    <published>2023-05-03T22:51:07.000Z</published>
    <updated>2023-05-03T23:12:40.284Z</updated>
    
    
      
      
        
        
    <summary type="html">&lt;blockquote&gt;
&lt;p&gt;&lt;a href=&quot;https://blog.csdn.net/Saika_xy/article/details/87482474&quot;&gt;Spring的主要核心&lt;/a&gt;&lt;/p&gt;
&lt;/blockquote&gt;
&lt;h2</summary>
        
      
    
    
    
    <category term="个人博客" scheme="https://blog.github.wo0ow.com/categories/%E4%B8%AA%E4%BA%BA%E5%8D%9A%E5%AE%A2/"/>
    
    <category term="面试准备" scheme="https://blog.github.wo0ow.com/categories/%E4%B8%AA%E4%BA%BA%E5%8D%9A%E5%AE%A2/%E9%9D%A2%E8%AF%95%E5%87%86%E5%A4%87/"/>
    
    <category term="Java面试题2023_问题解析" scheme="https://blog.github.wo0ow.com/categories/%E4%B8%AA%E4%BA%BA%E5%8D%9A%E5%AE%A2/%E9%9D%A2%E8%AF%95%E5%87%86%E5%A4%87/Java%E9%9D%A2%E8%AF%95%E9%A2%982023-%E9%97%AE%E9%A2%98%E8%A7%A3%E6%9E%90/"/>
    
    
  </entry>
  
  <entry>
    <title>ConcurrentHashMap线程安全的具体实现方式/底层具体实现</title>
    <link href="https://blog.github.wo0ow.com/posts/19235.html"/>
    <id>https://blog.github.wo0ow.com/posts/19235.html</id>
    <published>2023-05-03T08:15:16.000Z</published>
    <updated>2023-05-03T10:34:47.807Z</updated>
    
    
      
      
        
        
    <summary type="html">&lt;h1 id=&quot;ConcurrentHashMap-线程安全的具体实现方式-底层具体实现&quot;&gt;ConcurrentHashMap 线程安全的具体实现方式/底层具体实现&lt;a class=&quot;anchor&quot;</summary>
        
      
    
    
    
    <category term="个人博客" scheme="https://blog.github.wo0ow.com/categories/%E4%B8%AA%E4%BA%BA%E5%8D%9A%E5%AE%A2/"/>
    
    <category term="面试准备" scheme="https://blog.github.wo0ow.com/categories/%E4%B8%AA%E4%BA%BA%E5%8D%9A%E5%AE%A2/%E9%9D%A2%E8%AF%95%E5%87%86%E5%A4%87/"/>
    
    <category term="Java面试题2023_问题解析" scheme="https://blog.github.wo0ow.com/categories/%E4%B8%AA%E4%BA%BA%E5%8D%9A%E5%AE%A2/%E9%9D%A2%E8%AF%95%E5%87%86%E5%A4%87/Java%E9%9D%A2%E8%AF%95%E9%A2%982023-%E9%97%AE%E9%A2%98%E8%A7%A3%E6%9E%90/"/>
    
    
  </entry>
  
  <entry>
    <title>ConcurrentHashMap和Hashtable的区别？</title>
    <link href="https://blog.github.wo0ow.com/posts/12495.html"/>
    <id>https://blog.github.wo0ow.com/posts/12495.html</id>
    <published>2023-05-03T08:15:08.000Z</published>
    <updated>2023-05-03T10:34:47.807Z</updated>
    
    
      
      
        
        
    <summary type="html">&lt;h1 id=&quot;ConcurrentHashMap-和-Hashtable-的区别？&quot;&gt;ConcurrentHashMap 和 Hashtable 的区别？&lt;a class=&quot;anchor&quot;</summary>
        
      
    
    
    
    <category term="个人博客" scheme="https://blog.github.wo0ow.com/categories/%E4%B8%AA%E4%BA%BA%E5%8D%9A%E5%AE%A2/"/>
    
    <category term="面试准备" scheme="https://blog.github.wo0ow.com/categories/%E4%B8%AA%E4%BA%BA%E5%8D%9A%E5%AE%A2/%E9%9D%A2%E8%AF%95%E5%87%86%E5%A4%87/"/>
    
    <category term="Java面试题2023_问题解析" scheme="https://blog.github.wo0ow.com/categories/%E4%B8%AA%E4%BA%BA%E5%8D%9A%E5%AE%A2/%E9%9D%A2%E8%AF%95%E5%87%86%E5%A4%87/Java%E9%9D%A2%E8%AF%95%E9%A2%982023-%E9%97%AE%E9%A2%98%E8%A7%A3%E6%9E%90/"/>
    
    
  </entry>
  
  <entry>
    <title>HashMap的长度为什么是2的幂次方</title>
    <link href="https://blog.github.wo0ow.com/posts/23150.html"/>
    <id>https://blog.github.wo0ow.com/posts/23150.html</id>
    <published>2023-05-03T08:14:59.000Z</published>
    <updated>2023-05-03T10:34:47.807Z</updated>
    
    
      
      
        
        
    <summary type="html">&lt;h1 id=&quot;HashMap-的长度为什么是-2-的幂次方&quot;&gt;HashMap 的长度为什么是 2 的幂次方&lt;a class=&quot;anchor&quot; href=&quot;#HashMap-的长度为什么是-2-的幂次方&quot;&gt;·&lt;/a&gt;&lt;/h1&gt;
&lt;p&gt;为了能让 HashMap</summary>
        
      
    
    
    
    <category term="个人博客" scheme="https://blog.github.wo0ow.com/categories/%E4%B8%AA%E4%BA%BA%E5%8D%9A%E5%AE%A2/"/>
    
    <category term="面试准备" scheme="https://blog.github.wo0ow.com/categories/%E4%B8%AA%E4%BA%BA%E5%8D%9A%E5%AE%A2/%E9%9D%A2%E8%AF%95%E5%87%86%E5%A4%87/"/>
    
    <category term="Java面试题2023_问题解析" scheme="https://blog.github.wo0ow.com/categories/%E4%B8%AA%E4%BA%BA%E5%8D%9A%E5%AE%A2/%E9%9D%A2%E8%AF%95%E5%87%86%E5%A4%87/Java%E9%9D%A2%E8%AF%95%E9%A2%982023-%E9%97%AE%E9%A2%98%E8%A7%A3%E6%9E%90/"/>
    
    
  </entry>
  
</feed>
