[{"title":"常用网址收藏","url":"/posts/57942.html","content":"","categories":["分享收藏"]},{"title":"个人简历","url":"/posts/53088.html","content":"","categories":["个人博客","工作简历"],"tags":["个人简历"]},{"title":"面试自我介绍","url":"/posts/40232.html","content":"","categories":["个人博客","工作简历"],"tags":["个人简历"]},{"title":"百词斩-记单词0424","url":"/posts/30626.html","content":"","categories":["个人博客","英语学习"],"tags":["英语学习"]},{"title":"近期计划安排","url":"/posts/43241.html","content":"","categories":["个人博客","计划安排"]},{"title":"常见开发英文单词","url":"/posts/51038.html","content":"","categories":["个人博客","面试准备"]},{"title":"git 拉取远端所有分支","url":"/posts/32933.html","content":"","categories":["技术博客","GIT"],"tags":["GIT"]},{"title":"Hexo博客相关文档","url":"/posts/7324.html","content":"","categories":["技术博客","Hexo"],"tags":["Hexo主题butterfly美化","Hexo文章置顶"]},{"title":"Hexo启动报错port问题","url":"/posts/38317.html","content":"","categories":["技术博客","Hexo"],"tags":["winnat"]},{"title":"Hexo图片不显示解决","url":"/posts/13094.html","content":"","categories":["技术博客","Hexo"],"tags":["hexo-renderer-marked"]},{"title":"Hexo添加搜索插件-hexo-generator-searchdb","url":"/posts/62708.html","content":"","categories":["技术博客","Hexo"],"tags":["hexo-generator-searchdb"]},{"title":"Hexo自用插件记录","url":"/posts/3085.html","content":"","categories":["技术博客","Hexo"],"tags":["Hexo自用插件集合"]},{"title":"Hexo设置文章加密","url":"/posts/59357.html","content":"","categories":["技术博客","Hexo"],"tags":["hexo-blog-encrypt"]},{"title":"Hexo通过windows的bat脚本联动","url":"/posts/15065.html","content":"","categories":["技术博客","Hexo"],"tags":["Windows系统bat脚本"]},{"title":"基于Hexo+GitHub Page搭建个人博客","url":"/posts/47912.html","content":"","categories":["技术博客","Hexo"]},{"title":"Docker下安装Redis并持久化设置","url":"/posts/25512.html","content":"","categories":["技术博客","Redis"]},{"title":"Reids的持久化详解","url":"/posts/6387.html","content":"","categories":["技术博客","Redis"],"tags":["AOF","RDB"]},{"title":"VsCode相关集合","url":"/posts/36128.html","content":"","categories":["技术博客","VsCode"],"tags":["vscode插件"]},{"title":"Java面试题2023","url":"/posts/33730.html","content":"","categories":["个人博客","面试准备","Java面试题2023"]},{"title":"面试准备-JAVA集合框架","url":"/posts/54990.html","content":"","categories":["个人博客","面试准备","其他"],"tags":["JAVA"]},{"title":"面试准备-多线程","url":"/posts/8310.html","content":"","categories":["个人博客","面试准备","其他"]},{"title":"==与equals?hashCode与equals?","url":"/posts/33636.html","content":"","categories":["个人博客","面试准备","Java面试题2023_问题解析"]},{"title":"BIO,NIO,AIO有什么区别?","url":"/posts/59996.html","content":"","categories":["个人博客","面试准备","Java面试题2023_问题解析"]},{"title":"Exception和Error有什么区别？","url":"/posts/60744.html","content":"","categories":["个人博客","面试准备","Java面试题2023_问题解析"]},{"title":"Java中的几种基本数据类型是什么？对应的包装类型是什么？各自占用多少字节呢？","url":"/posts/59036.html","content":"","categories":["个人博客","面试准备","Java面试题2023_问题解析"]},{"title":"Java反射？反射有什么缺点？你是怎么理解反射的（为什么框架需要反射）？","url":"/posts/43267.html","content":"","categories":["个人博客","面试准备","Java面试题2023_问题解析"]},{"title":"Java泛型了解么？什么是类型擦除？介绍一下常用的通配符？","url":"/posts/47052.html","content":"","categories":["个人博客","面试准备","Java面试题2023_问题解析"]},{"title":"Strings1=newString(abc);这段代码创建了几个字符串对象？","url":"/posts/10949.html","content":"","categories":["个人博客","面试准备","Java面试题2023_问题解析"]},{"title":"String、StringBuffer和StringBuilder的区别是什么?String为什么是不可变的?","url":"/posts/21142.html","content":"","categories":["个人博客","面试准备","Java面试题2023_问题解析"]},{"title":"内部类了解吗？匿名内部类了解吗？","url":"/posts/19656.html","content":"","categories":["个人博客","面试准备","Java面试题2023_问题解析"]},{"title":"包装类型的缓存机制了解么？","url":"/posts/48309.html","content":"","categories":["个人博客","面试准备","Java面试题2023_问题解析"]},{"title":"深拷贝和浅拷贝区别了解吗？什么是引用拷贝？","url":"/posts/30985.html","content":"","categories":["个人博客","面试准备","Java面试题2023_问题解析"]},{"title":"自动装箱与拆箱了解吗？原理是什么？","url":"/posts/13955.html","content":"","categories":["个人博客","面试准备","Java面试题2023_问题解析"]},{"title":"ConcurrentHashMap和Hashtable的区别？","url":"/posts/12495.html","content":"","categories":["个人博客","面试准备","Java面试题2023_问题解析"]},{"title":"ConcurrentHashMap线程安全的具体实现方式/底层具体实现","url":"/posts/19235.html","content":"","categories":["个人博客","面试准备","Java面试题2023_问题解析"]},{"title":"HashMap和Hashtable的区别？HashMap和HashSet区别？HashMap和TreeMap区别？","url":"/posts/3318.html","content":"","categories":["个人博客","面试准备","Java面试题2023_问题解析"]},{"title":"HashMap的长度为什么是2的幂次方","url":"/posts/23150.html","content":"","categories":["个人博客","面试准备","Java面试题2023_问题解析"]},{"title":"有哪些集合是线程不安全的？怎么解决呢？","url":"/posts/62981.html","content":"","categories":["个人博客","面试准备","Java面试题2023_问题解析"]},{"title":"HashMap的底层实现","url":"/posts/34725.html","content":"","categories":["个人博客","面试准备","Java面试题2023_问题解析"]},{"title":"比较HashSet、LinkedHashSet和TreeSet三者的异同","url":"/posts/18392.html","content":"","categories":["个人博客","面试准备","Java面试题2023_问题解析"]},{"title":"SpringBean的生命周期说一下","url":"/posts/44604.html","content":"","categories":["个人博客","面试准备","Java面试题2023_问题解析"]},{"title":"说说List,Set,Map三者的区别？三者底层的数据结构？","url":"/posts/50957.html","content":"","categories":["个人博客","面试准备","Java面试题2023_问题解析"]},{"title":"SpringBootApplication注解","url":"/posts/59082.html","content":"","categories":["个人博客","面试准备","Java面试题2023_问题解析"]},{"title":"SpringBoot和Spring的区别","url":"/posts/9789.html","content":"","categories":["个人博客","面试准备","Java面试题2023_问题解析"]},{"title":"SpringBoot支持哪些嵌入式web容器？","url":"/posts/24826.html","content":"","categories":["个人博客","面试准备","Java面试题2023_问题解析"]},{"title":"SpringBoot的自动配置是如何实现的?","url":"/posts/6677.html","content":"","categories":["个人博客","面试准备","Java面试题2023_问题解析"]},{"title":"Spring中的bean的作用域有哪些?","url":"/posts/63647.html","content":"","categories":["个人博客","面试准备","Java面试题2023_问题解析"]},{"title":"Spring动态代理默认用哪一种","url":"/posts/21371.html","content":"","categories":["个人博客","面试准备","Java面试题2023_问题解析"]},{"title":"hibernate和mybatis区别","url":"/posts/64579.html","content":"","categories":["个人博客","面试准备","Java面试题2023_问题解析"]},{"title":"什么是SpringBootStarter?","url":"/posts/15195.html","content":"","categories":["个人博客","面试准备","Java面试题2023_问题解析"]},{"title":"什么是Spring框架?","url":"/posts/28206.html","content":"","categories":["个人博客","面试准备","Java面试题2023_问题解析"]},{"title":"列举一些重要的Spring模块？","url":"/posts/34910.html","content":"","categories":["个人博客","面试准备","Java面试题2023_问题解析"]},{"title":"拦截器和过滤器了解么？","url":"/posts/48331.html","content":"","categories":["个人博客","面试准备","Java面试题2023_问题解析"]},{"title":"说出使用SpringBoot的主要优点","url":"/posts/1453.html","content":"","categories":["个人博客","面试准备","Java面试题2023_问题解析"]},{"title":"谈谈自己对于SpringIoC和AOP的理解","url":"/posts/5393.html","content":"","categories":["个人博客","面试准备","Java面试题2023_问题解析"]}]